-- Table: public.Feedbacks

-- DROP TABLE public."Feedbacks";

CREATE TABLE IF NOT EXISTS public."Feedbacks"
(
    "Id" integer NOT NULL GENERATED BY DEFAULT AS IDENTITY ( INCREMENT 1 START 1 MINVALUE 1 MAXVALUE 2147483647 CACHE 1 ),
    "Content" text COLLATE pg_catalog."default",
    "FeedbackDate" text COLLATE pg_catalog."default",
    "PharmacyName" text COLLATE pg_catalog."default",
    CONSTRAINT "PK_Feedbacks" PRIMARY KEY ("Id")
)

TABLESPACE pg_default;



-- Table: public.MedicationConsumptions

-- DROP TABLE public."MedicationConsumptions";

CREATE TABLE IF NOT EXISTS public."MedicationConsumptions"
(
    "Id" integer NOT NULL GENERATED BY DEFAULT AS IDENTITY ( INCREMENT 1 START 1 MINVALUE 1 MAXVALUE 2147483647 CACHE 1 ),
    "MedicationName" text COLLATE pg_catalog."default",
    "MedicationId" integer NOT NULL,
    "Date" timestamp without time zone NOT NULL,
    "AmountConsumed" integer NOT NULL,
    CONSTRAINT "PK_MedicationConsumptions" PRIMARY KEY ("Id")
)

TABLESPACE pg_default;



-- Table: public.Offers

-- DROP TABLE public."Offers";

CREATE TABLE IF NOT EXISTS public."Offers"
(
    "Id" integer NOT NULL GENERATED BY DEFAULT AS IDENTITY ( INCREMENT 1 START 1 MINVALUE 1 MAXVALUE 2147483647 CACHE 1 ),
    "Title" text COLLATE pg_catalog."default",
    "Content" text COLLATE pg_catalog."default",
    "StartDate" timestamp without time zone NOT NULL,
    "EndDate" timestamp without time zone NOT NULL,
    "PharmacyName" text COLLATE pg_catalog."default",
    "Posted" boolean NOT NULL,
    CONSTRAINT "PK_Offers" PRIMARY KEY ("Id")
)

TABLESPACE pg_default;



-- Table: public.Pharmacies

-- DROP TABLE public."Pharmacies";

CREATE TABLE IF NOT EXISTS public."Pharmacies"
(
    "PharmacyName" text COLLATE pg_catalog."default" NOT NULL,
    "Address" text COLLATE pg_catalog."default",
    "City" text COLLATE pg_catalog."default",
    "ApiKey" text COLLATE pg_catalog."default",
    "PharmacyPicture" text COLLATE pg_catalog."default",
    "FileProtocol" text COLLATE pg_catalog."default",
    CONSTRAINT "PK_Pharmacies" PRIMARY KEY ("PharmacyName")
)

TABLESPACE pg_default;


-- Table: public.PharmacyComments

-- DROP TABLE public."PharmacyComments";

CREATE TABLE IF NOT EXISTS public."PharmacyComments"
(
    "Id" integer NOT NULL GENERATED BY DEFAULT AS IDENTITY ( INCREMENT 1 START 1 MINVALUE 1 MAXVALUE 2147483647 CACHE 1 ),
    "PharmacyName" text COLLATE pg_catalog."default",
    "Content" text COLLATE pg_catalog."default",
    "CommentDate" timestamp without time zone NOT NULL,
    CONSTRAINT "PK_PharmacyComments" PRIMARY KEY ("Id")
)

TABLESPACE pg_default;

CREATE TABLE IF NOT EXISTS public."Notifications"
(
    "Id" integer NOT NULL GENERATED BY DEFAULT AS IDENTITY ( INCREMENT 1 START 1 MINVALUE 1 MAXVALUE 2147483647 CACHE 1 ),
    "Title" text COLLATE pg_catalog."default",
    "Content" text COLLATE pg_catalog."default",
    "Date" timestamp without time zone NOT NULL,
    "FileName" text COLLATE pg_catalog."default",
    "Read" boolean NOT NULL,
    CONSTRAINT "PK_Notifications" PRIMARY KEY ("Id")
)

TABLESPACE pg_default;

INSERT INTO public."Notifications"(
	"Id", "Title", "Content", "Date", "FileName", "Read")
	VALUES (1, 'New specification', 'You have new specification', '2021-12-10 09:49:25', 'medicineSpecification(Aspirin).pdf', true);

INSERT INTO public."Notifications"(
	"Id", "Title", "Content", "Date", "FileName", "Read")
	VALUES (2, 'New specification', 'You have new specification', 
'2021-12-12 19:39:55', 'medicineSpecification(Brufen).pdf', false);

INSERT INTO public."MedicationConsumptions"(
	"Id", "MedicationName", "MedicationId", "Date", "AmountConsumed")
	VALUES (1, 'Brufen', 1, '11.11.2021.', 3);
INSERT INTO public."MedicationConsumptions"(
	"Id", "MedicationName", "MedicationId", "Date", "AmountConsumed")
	VALUES (2, 'Brufen', 1, '11.6.2021.', 7);
INSERT INTO public."MedicationConsumptions"(
	"Id", "MedicationName", "MedicationId", "Date", "AmountConsumed")
	VALUES (3, 'Paracetamol', 2, '5.6.2021.', 5);
INSERT INTO public."MedicationConsumptions"(
	"Id", "MedicationName", "MedicationId", "Date", "AmountConsumed")
	VALUES (4, 'Paracetamol', 2, '5.3.2021.', 4);
INSERT INTO public."MedicationConsumptions"(
	"Id", "MedicationName", "MedicationId", "Date", "AmountConsumed")
	VALUES (5, 'Amitriptilin', 3, '5.2.2021.', 4);
INSERT INTO public."MedicationConsumptions"(
	"Id", "MedicationName", "MedicationId", "Date", "AmountConsumed")
	VALUES (6, 'Amitriptilin', 3, '2.2.2021.', 2);
INSERT INTO public."MedicationConsumptions"(
	"Id", "MedicationName", "MedicationId", "Date", "AmountConsumed")
	VALUES (13, 'Panklav', 4, '2.1.2021.', 5);
INSERT INTO public."MedicationConsumptions"(
	"Id", "MedicationName", "MedicationId", "Date", "AmountConsumed")
	VALUES (7, 'Panklav', 4, '1.1.2021.', 4);
INSERT INTO public."MedicationConsumptions"(
	"Id", "MedicationName", "MedicationId", "Date", "AmountConsumed")
	VALUES (8, 'Panklav', 4, '2.1.2021.', 4);
INSERT INTO public."MedicationConsumptions"(
	"Id", "MedicationName", "MedicationId", "Date", "AmountConsumed")
	VALUES (9, 'Panklav', 4, '10.1.2021.', 4);
INSERT INTO public."MedicationConsumptions"(
	"Id", "MedicationName", "MedicationId", "Date", "AmountConsumed")
	VALUES (10, 'Brufen', 1, '3.3.2021.', 10);
INSERT INTO public."MedicationConsumptions"(
	"Id", "MedicationName", "MedicationId", "Date", "AmountConsumed")
	VALUES (11, 'Paracetamol', 2, '7.7.2021.', 4);
INSERT INTO public."MedicationConsumptions"(
	"Id", "MedicationName", "MedicationId", "Date", "AmountConsumed")
	VALUES (12, 'Paracetamol', 2, '6.6.2021.', 4);


INSERT INTO public."Feedbacks"(
	"Id", "Content", "FeedbackDate", "PharmacyName")
	VALUES (1, 'Brilliant pharmacy,great products and services', '1.1.2021.', 'GalenPharm');
INSERT INTO public."Feedbacks"(
	"Id", "Content", "FeedbackDate", "PharmacyName")
	VALUES (2, 'Not like before, but okay..', '7.7.2021.', 'GalenPharm');
INSERT INTO public."Feedbacks"(
	"Id", "Content", "FeedbackDate", "PharmacyName")
	VALUES (3, 'Best products on the market!', '7.7.2021.', 'Jankovic');
INSERT INTO public."Feedbacks"(
	"Id", "Content", "FeedbackDate", "PharmacyName")
	VALUES (4, 'Professionals as always', '8.7.2021.', 'Jankovic');
INSERT INTO public."Feedbacks"(
    	"Id", "Content", "FeedbackDate", "PharmacyName")
    	VALUES (5, 'We are very pleased with your services and products', '12.9.2021.', 'Benu');
INSERT INTO public."Feedbacks"(
    	"Id", "Content", "FeedbackDate", "PharmacyName")
    	VALUES (6, 'Great marketing that you have', '12.9.2021.', 'Tilia');
INSERT INTO public."Feedbacks"(
    	"Id", "Content", "FeedbackDate", "PharmacyName")
    	VALUES (7, 'We wish to continue our cooperation', '11.2.2021.', 'Tilia');
INSERT INTO public."Feedbacks"(
    	"Id", "Content", "FeedbackDate", "PharmacyName")
    	VALUES (8, 'Not very pleased with how you talk to us..', '9.8.2021.', 'Laurus');



INSERT INTO public."Pharmacies"(
	"PharmacyName", "Address", "City", "ApiKey", "PharmacyPicture", "FileProtocol")
	VALUES ('Tilia', 'Narodnog Fronta 21', 'Novi Sad', 'yrggiiiifsdsbvhv', null, 'HTTP');
INSERT INTO public."Pharmacies"(
	"PharmacyName", "Address", "City", "ApiKey", "PharmacyPicture", "FileProtocol")
	VALUES ('GalenPharm', 'Bulevar oslobodjenja 119', 'Novi Sad', 'uuuuiiiifsdsoooo', null, 'SFTP');
INSERT INTO public."Pharmacies"(
	"PharmacyName", "Address", "City", "ApiKey", "PharmacyPicture", "FileProtocol")
	VALUES ('Jankovic', 'Preradoviceva 19', 'Novi Sad', 'uuuuiiiifsdsyyyy', null, 'SFTP');
INSERT INTO public."Pharmacies"(
	"PharmacyName", "Address", "City", "ApiKey", "PharmacyPicture", "FileProtocol")
	VALUES ('Laurus', 'Buleva Cara Lazara 9', 'Novi Sad', 'uuuuiiiifsdsoooo', null, 'HTTP');
INSERT INTO public."Pharmacies"(
	"PharmacyName", "Address", "City", "ApiKey", "PharmacyPicture", "FileProtocol")
	VALUES ('Benu', 'Balzakova 10', 'Novi Sad', 'yhyhiiiifsdsooyt', null, 'HTTP');



INSERT INTO public."PharmacyComments"(
	"Id", "PharmacyName", "Content", "CommentDate")
	VALUES (1, 'Jankovic', 'We should discuss something next time', '1.1.2021.');
INSERT INTO public."PharmacyComments"(
	"Id", "PharmacyName", "Content", "CommentDate")
	VALUES (2, 'Benu', 'This is the pharmacy I love the most', '12.12.2021.');
INSERT INTO public."PharmacyComments"(
	"Id", "PharmacyName", "Content", "CommentDate")
	VALUES (3, 'Tilia', 'Dont have anything special to say', '10.12.2021.');
INSERT INTO public."PharmacyComments"(
	"Id", "PharmacyName", "Content", "CommentDate")
	VALUES (4, 'Laurus', 'Very good products', '1.10.2021.');
INSERT INTO public."PharmacyComments"(
	"Id", "PharmacyName", "Content", "CommentDate")
	VALUES (5, 'GalenPharm', 'Think whether you should continue working with them', '2.2.2021.');